model_name,team_id,games,accuracy_when_in_game,avg_model_p_team_win,model_pick_rate,actual_team_win_rate
better_last_10_baseline,138,315,0.45714285714285713,0.49488626599737706,0.44761904761904764,0.49523809523809526
better_last_10_baseline,135,312,0.46794871794871795,0.5143935520003896,0.6474358974358975,0.5641025641025641
better_last_10_baseline,111,314,0.4681528662420382,0.5003109102896789,0.5031847133757962,0.5191082802547771
better_last_10_baseline,112,313,0.48242811501597443,0.509513060205286,0.597444089456869,0.5399361022364217
better_last_10_baseline,139,315,0.49206349206349204,0.49953511509067067,0.49523809523809526,0.48253968253968255
better_last_10_baseline,158,317,0.49842271293375395,0.5180161233788994,0.6845425867507886,0.5930599369085173
better_last_10_baseline,144,315,0.5047619047619047,0.5097625830959164,0.6,0.5111111111111111
better_last_10_baseline,120,316,0.5063291139240507,0.48918701239376344,0.38924050632911394,0.43354430379746833
better_last_10_baseline,110,315,0.5079365079365079,0.5032541943653055,0.5333333333333333,0.5111111111111111
better_last_10_baseline,136,314,0.5095541401273885,0.5037309234761465,0.5382165605095541,0.5445859872611465
better_last_10_baseline,109,315,0.5111111111111111,0.5057335805483953,0.5587301587301587,0.5206349206349207
better_last_10_baseline,118,317,0.5173501577287066,0.4992300801974829,0.4921135646687697,0.5205047318611987
better_last_10_baseline,117,316,0.5189873417721519,0.5049430800485653,0.5506329113924051,0.5506329113924051
better_last_10_baseline,121,316,0.5253164556962026,0.5067967350667772,0.569620253164557,0.5443037974683544
better_last_10_baseline,146,314,0.5254777070063694,0.4863199472541298,0.35987261146496813,0.445859872611465
better_last_10_baseline,141,315,0.526984126984127,0.5044938874568504,0.546031746031746,0.5238095238095238
better_last_10_baseline,119,312,0.5288461538461539,0.5131419387829644,0.6346153846153846,0.5801282051282052
better_last_10_baseline,134,315,0.5301587301587302,0.4896175703583111,0.39365079365079364,0.4507936507936508
better_last_10_baseline,140,315,0.5301587301587302,0.49736565218046697,0.473015873015873,0.4857142857142857
better_last_10_baseline,114,316,0.5379746835443038,0.507414620072848,0.5759493670886076,0.5569620253164557
better_last_10_baseline,137,316,0.5379746835443038,0.5006178850060706,0.5063291139240507,0.4936708860759494
better_last_10_baseline,143,317,0.5394321766561514,0.5106248932747355,0.6088328075709779,0.583596214511041
better_last_10_baseline,133,314,0.5414012738853503,0.49471452507545927,0.445859872611465,0.45222929936305734
better_last_10_baseline,108,316,0.5443037974683544,0.4823902773269862,0.31962025316455694,0.41455696202531644
better_last_10_baseline,113,316,0.5506329113924051,0.499073172490894,0.49050632911392406,0.49050632911392406
better_last_10_baseline,116,317,0.5615141955835962,0.50631334238064,0.5646687697160884,0.5299684542586751
better_last_10_baseline,147,316,0.5632911392405063,0.506487792563742,0.5664556962025317,0.5664556962025317
better_last_10_baseline,142,316,0.5759493670886076,0.497219517472682,0.47151898734177217,0.47151898734177217
better_last_10_baseline,115,316,0.6044303797468354,0.4731220022359263,0.22468354430379747,0.3227848101265823
better_last_10_baseline,145,317,0.7034700315457413,0.4721289031488821,0.21451104100946372,0.3028391167192429
better_record_baseline,113,316,0.4778481012658228,0.4915130969983291,0.43670886075949367,0.49050632911392406
better_record_baseline,138,315,0.4857142857142857,0.48829346236753646,0.4126984126984127,0.49523809523809526
better_record_baseline,111,314,0.49044585987261147,0.5068327677669503,0.5509554140127388,0.5191082802547771
better_record_baseline,139,315,0.49523809523809526,0.48786777008999227,0.4095238095238095,0.48253968253968255
better_record_baseline,144,315,0.5015873015873016,0.5078753071345663,0.5587301587301587,0.5111111111111111
better_record_baseline,136,314,0.5031847133757962,0.524768783155195,0.6847133757961783,0.5445859872611465
better_record_baseline,135,312,0.5032051282051282,0.5227786300435873,0.6698717948717948,0.5641025641025641
better_record_baseline,109,315,0.5047619047619047,0.489996231477713,0.4253968253968254,0.5206349206349207
better_record_baseline,134,315,0.5174603174603175,0.45679223382927087,0.17777777777777778,0.4507936507936508
better_record_baseline,121,316,0.5221518987341772,0.522490292954428,0.6677215189873418,0.5443037974683544
better_record_baseline,108,316,0.5253164556962026,0.4707201846442353,0.28164556962025317,0.41455696202531644
better_record_baseline,117,316,0.5316455696202531,0.5212172575041774,0.6582278481012658,0.5506329113924051
better_record_baseline,146,314,0.5318471337579618,0.4521706256313475,0.14331210191082802,0.445859872611465
better_record_baseline,116,317,0.5331230283911672,0.5124786923945704,0.5930599369085173,0.5299684542586751
better_record_baseline,140,315,0.5333333333333333,0.4951045388082425,0.4634920634920635,0.4857142857142857
better_record_baseline,114,316,0.5348101265822784,0.5284311250555975,0.7120253164556962,0.5569620253164557
better_record_baseline,147,316,0.5348101265822784,0.5305528508060153,0.7278481012658228,0.5664556962025317
better_record_baseline,110,315,0.5428571428571428,0.49553023108578664,0.4666666666666667,0.5111111111111111
better_record_baseline,133,314,0.5477707006369427,0.4568681534711259,0.17834394904458598,0.45222929936305734
better_record_baseline,137,316,0.5506329113924051,0.5118816642023393,0.5886075949367089,0.4936708860759494
better_record_baseline,112,313,0.5527156549520766,0.52934624638565,0.7188498402555911,0.5399361022364217
better_record_baseline,142,316,0.5569620253164557,0.4995756548499165,0.49683544303797467,0.47151898734177217
better_record_baseline,120,316,0.560126582278481,0.46944714919398467,0.2721518987341772,0.43354430379746833
better_record_baseline,143,317,0.5615141955835962,0.5522413054484558,0.889589905362776,0.583596214511041
better_record_baseline,158,317,0.5646687697160884,0.546319214142558,0.8454258675078864,0.5930599369085173
better_record_baseline,141,315,0.5650793650793651,0.49936146158368383,0.49523809523809526,0.5238095238095238
better_record_baseline,118,317,0.5709779179810726,0.5154397380475193,0.6151419558359621,0.5205047318611987
better_record_baseline,119,312,0.592948717948718,0.5412594053619695,0.8076923076923077,0.5801282051282052
better_record_baseline,115,316,0.6550632911392406,0.4376212629377187,0.03481012658227848,0.3227848101265823
better_record_baseline,145,317,0.6908517350157729,0.43549150541789877,0.01892744479495268,0.3028391167192429
better_run_differential_baseline,139,315,0.48253968253968255,0.4953194953194953,0.4603174603174603,0.48253968253968255
better_run_differential_baseline,144,315,0.4857142857142857,0.5117948717948718,0.6,0.5111111111111111
better_run_differential_baseline,113,316,0.4936708860759494,0.5033592989289192,0.5284810126582279,0.49050632911392406
better_run_differential_baseline,109,315,0.49523809523809526,0.5073015873015874,0.5619047619047619,0.5206349206349207
better_run_differential_baseline,111,314,0.4968152866242038,0.50525886003593,0.5445859872611465,0.5191082802547771
better_run_differential_baseline,110,315,0.5111111111111111,0.49756613756613755,0.4793650793650794,0.5111111111111111
better_run_differential_baseline,117,316,0.5126582278481012,0.509704641350211,0.5822784810126582,0.5506329113924051
better_run_differential_baseline,135,312,0.5128205128205128,0.5219263642340566,0.6858974358974359,0.5641025641025641
better_run_differential_baseline,137,316,0.5189873417721519,0.5037325543654657,0.5316455696202531,0.4936708860759494
better_run_differential_baseline,136,314,0.5191082802547771,0.5101420872121509,0.5859872611464968,0.5445859872611465
better_run_differential_baseline,146,314,0.5222929936305732,0.47032500408296585,0.2484076433121019,0.445859872611465
better_run_differential_baseline,138,315,0.5238095238095238,0.4829629629629629,0.35555555555555557,0.49523809523809526
better_run_differential_baseline,114,316,0.5253164556962026,0.505225576111652,0.5443037974683544,0.5569620253164557
better_run_differential_baseline,140,315,0.5301587301587302,0.4983150183150183,0.4857142857142857,0.4857142857142857
better_run_differential_baseline,141,315,0.5301587301587302,0.502059422059422,0.5174603174603175,0.5238095238095238
better_run_differential_baseline,121,316,0.5348101265822784,0.5145569620253164,0.6234177215189873,0.5443037974683544
better_run_differential_baseline,116,317,0.5362776025236593,0.5098600663269433,0.583596214511041,0.5299684542586751
better_run_differential_baseline,142,316,0.5379746835443038,0.5011197663096397,0.509493670886076,0.47151898734177217
better_run_differential_baseline,112,313,0.5399361022364217,0.5182763987875809,0.6549520766773163,0.5399361022364217
better_run_differential_baseline,143,317,0.5425867507886435,0.5169295478443744,0.6435331230283912,0.583596214511041
better_run_differential_baseline,147,316,0.5474683544303798,0.5276209023044466,0.7341772151898734,0.5664556962025317
better_run_differential_baseline,119,312,0.5480769230769231,0.520414201183432,0.6730769230769231,0.5801282051282052
better_run_differential_baseline,118,317,0.5520504731861199,0.5061392865809269,0.5520504731861199,0.5205047318611987
better_run_differential_baseline,108,316,0.5537974683544303,0.4746186303148328,0.2848101265822785,0.41455696202531644
better_run_differential_baseline,134,315,0.5555555555555556,0.476971916971917,0.3047619047619048,0.4507936507936508
better_run_differential_baseline,120,316,0.569620253164557,0.47648490749756567,0.30063291139240506,0.43354430379746833
better_run_differential_baseline,158,317,0.5709779179810726,0.5399983822696757,0.8391167192429022,0.5930599369085173
better_run_differential_baseline,133,314,0.5923566878980892,0.48234525559366326,0.3503184713375796,0.45222929936305734
better_run_differential_baseline,115,316,0.6487341772151899,0.4511035378123986,0.08544303797468354,0.3227848101265823
better_run_differential_baseline,145,317,0.6593059936908517,0.45888538380651944,0.15141955835962145,0.3028391167192429
elo_baseline,144,315,0.4888888888888889,0.546748327757743,0.6476190476190476,0.5111111111111111
elo_baseline,111,314,0.49363057324840764,0.5156460079838701,0.554140127388535,0.5191082802547771
elo_baseline,139,315,0.5047619047619047,0.48246542946427606,0.40634920634920635,0.48253968253968255
elo_baseline,109,315,0.5079365079365079,0.5267183700122242,0.5555555555555556,0.5206349206349207
elo_baseline,138,315,0.5111111111111111,0.4816306510458723,0.4507936507936508,0.49523809523809526
elo_baseline,135,312,0.5160256410256411,0.5583704617777919,0.657051282051282,0.5641025641025641
elo_baseline,146,314,0.5191082802547771,0.4107462616110665,0.23885350318471338,0.445859872611465
elo_baseline,121,316,0.5221518987341772,0.5555457925051994,0.6993670886075949,0.5443037974683544
elo_baseline,116,317,0.526813880126183,0.5293488167611324,0.5615141955835962,0.5299684542586751
elo_baseline,110,315,0.526984126984127,0.4987002606283214,0.49523809523809526,0.5111111111111111
elo_baseline,141,315,0.526984126984127,0.5133145024435787,0.5206349206349207,0.5238095238095238
elo_baseline,113,316,0.5284810126582279,0.4811357314692028,0.3987341772151899,0.49050632911392406
elo_baseline,137,316,0.5348101265822784,0.5124979349382911,0.5537974683544303,0.4936708860759494
elo_baseline,114,316,0.5379746835443038,0.5445427139331989,0.6265822784810127,0.5569620253164557
elo_baseline,140,315,0.5396825396825397,0.48783335567779923,0.4507936507936508,0.4857142857142857
elo_baseline,112,313,0.5399361022364217,0.5664828763561293,0.6677316293929713,0.5399361022364217
elo_baseline,118,317,0.5425867507886435,0.5160072463428105,0.5299684542586751,0.5205047318611987
elo_baseline,108,316,0.5443037974683544,0.4081411962202319,0.22468354430379747,0.41455696202531644
elo_baseline,120,316,0.5474683544303798,0.41367711918113453,0.21518987341772153,0.43354430379746833
elo_baseline,136,314,0.5477707006369427,0.5528020177471771,0.6401273885350318,0.5445859872611465
elo_baseline,117,316,0.5537974683544303,0.5723837327303612,0.7120253164556962,0.5506329113924051
elo_baseline,142,316,0.5569620253164557,0.47935030527394995,0.40189873417721517,0.47151898734177217
elo_baseline,158,317,0.5583596214511041,0.6143801103221517,0.8201892744479495,0.5930599369085173
elo_baseline,147,316,0.5664556962025317,0.5926386643933841,0.7784810126582279,0.5664556962025317
elo_baseline,133,314,0.5668789808917197,0.4285443840829768,0.3184713375796178,0.45222929936305734
elo_baseline,143,317,0.5772870662460567,0.5874514919409348,0.7476340694006309,0.583596214511041
elo_baseline,134,315,0.5777777777777777,0.4260493833734275,0.2698412698412698,0.4507936507936508
elo_baseline,119,312,0.5865384615384616,0.5959819964495645,0.7435897435897436,0.5801282051282052
elo_baseline,115,316,0.6645569620253164,0.2903390503298092,0.02531645569620253,0.3227848101265823
elo_baseline,145,317,0.6876971608832808,0.3122232287372971,0.0914826498422713,0.3028391167192429
home_team_baseline,110,315,0.4793650793650794,0.4999363873437947,0.4984126984126984,0.5111111111111111
home_team_baseline,146,314,0.48089171974522293,0.4994894780457413,0.4872611464968153,0.445859872611465
home_team_baseline,111,314,0.4840764331210191,0.5005105219542587,0.5127388535031847,0.5191082802547771
home_team_baseline,144,315,0.4888888888888889,0.5005725139058472,0.5142857142857142,0.5111111111111111
home_team_baseline,147,316,0.49683544303797467,0.5,0.5,0.5664556962025317
home_team_baseline,120,316,0.5,0.5001268227006623,0.5031645569620253,0.43354430379746833
home_team_baseline,116,317,0.5078864353312302,0.5004424792016801,0.5110410094637224,0.5299684542586751
home_team_baseline,133,314,0.5095541401273885,0.4998723695114353,0.4968152866242038,0.45222929936305734
home_team_baseline,109,315,0.5111111111111111,0.49955471140656327,0.4888888888888889,0.5206349206349207
home_team_baseline,118,317,0.5173501577287066,0.4996839434273714,0.4921135646687697,0.5205047318611987
home_team_baseline,142,316,0.5189873417721519,0.5003804681019871,0.509493670886076,0.47151898734177217
home_team_baseline,138,315,0.5206349206349207,0.4999363873437947,0.4984126984126984,0.49523809523809526
home_team_baseline,113,316,0.5221518987341772,0.4994927091973505,0.4873417721518987,0.49050632911392406
home_team_baseline,135,312,0.5224358974358975,0.49935775683638933,0.483974358974359,0.5641025641025641
home_team_baseline,158,317,0.5236593059936908,0.5003160565726286,0.5078864353312302,0.5930599369085173
home_team_baseline,139,315,0.5238095238095238,0.49955471140656327,0.4888888888888889,0.48253968253968255
home_team_baseline,108,316,0.5253164556962026,0.5003804681019871,0.509493670886076,0.41455696202531644
home_team_baseline,114,316,0.5253164556962026,0.5005072908026494,0.5126582278481012,0.5569620253164557
home_team_baseline,137,316,0.5253164556962026,0.5005072908026494,0.5126582278481012,0.4936708860759494
home_team_baseline,145,317,0.5299684542586751,0.49955752079831994,0.4889589905362776,0.3028391167192429
home_team_baseline,117,316,0.5316455696202531,0.4994927091973505,0.4873417721518987,0.5506329113924051
home_team_baseline,112,313,0.536741214057508,0.5004481338879635,0.5111821086261981,0.5399361022364217
home_team_baseline,121,316,0.5474683544303798,0.5001268227006623,0.5031645569620253,0.5443037974683544
home_team_baseline,141,315,0.5492063492063493,0.4999363873437947,0.4984126984126984,0.5238095238095238
home_team_baseline,115,316,0.5506329113924051,0.5005072908026494,0.5126582278481012,0.3227848101265823
home_team_baseline,119,312,0.5512820512820513,0.49961465410183353,0.49038461538461536,0.5801282051282052
home_team_baseline,134,315,0.5619047619047619,0.5005725139058472,0.5142857142857142,0.4507936507936508
home_team_baseline,140,315,0.5746031746031746,0.49968193671897376,0.49206349206349204,0.4857142857142857
home_team_baseline,136,314,0.5796178343949044,0.4994894780457413,0.4872611464968153,0.5445859872611465
home_team_baseline,143,317,0.580441640378549,0.49993678868547425,0.49842271293375395,0.583596214511041
legacy_full,110,315,0.4888888888888889,0.48627116074115806,0.43174603174603177,0.5111111111111111
legacy_full,139,315,0.4984126984126984,0.4906700098990891,0.4507936507936508,0.48253968253968255
legacy_full,114,316,0.5063291139240507,0.4908624561254668,0.4177215189873418,0.5569620253164557
legacy_full,111,314,0.5159235668789809,0.4959994393626719,0.5063694267515924,0.5191082802547771
legacy_full,138,315,0.5174603174603175,0.48241371720583354,0.40634920634920635,0.49523809523809526
legacy_full,144,315,0.5206349206349207,0.5564906862922014,0.7301587301587301,0.5111111111111111
legacy_full,108,316,0.5221518987341772,0.45862433694612065,0.31645569620253167,0.41455696202531644
legacy_full,113,316,0.5253164556962026,0.47946821475589585,0.41455696202531644,0.49050632911392406
legacy_full,135,312,0.5256410256410257,0.5179602976680879,0.6153846153846154,0.5641025641025641
legacy_full,112,313,0.5399361022364217,0.541183864332223,0.6805111821086262,0.5399361022364217
legacy_full,141,315,0.5428571428571428,0.5007887268406763,0.5238095238095238,0.5238095238095238
legacy_full,134,315,0.546031746031746,0.4828778168916471,0.3968253968253968,0.4507936507936508
legacy_full,133,314,0.554140127388535,0.46414535519094524,0.3821656050955414,0.45222929936305734
legacy_full,121,316,0.5569620253164557,0.5263678112327694,0.6265822784810127,0.5443037974683544
legacy_full,158,317,0.5583596214511041,0.5330552957919639,0.6813880126182965,0.5930599369085173
legacy_full,137,316,0.560126582278481,0.5013259989291265,0.48417721518987344,0.4936708860759494
legacy_full,142,316,0.560126582278481,0.5052429407503133,0.5063291139240507,0.47151898734177217
legacy_full,146,314,0.5636942675159236,0.43422305577546927,0.2070063694267516,0.445859872611465
legacy_full,117,316,0.5664556962025317,0.5316068291464234,0.6107594936708861,0.5506329113924051
legacy_full,118,317,0.5709779179810726,0.5101581469177545,0.5520504731861199,0.5205047318611987
legacy_full,143,317,0.5709779179810726,0.5576000990324221,0.7350157728706624,0.583596214511041
legacy_full,147,316,0.5727848101265823,0.5585086427064754,0.7658227848101266,0.5664556962025317
legacy_full,116,317,0.5741324921135647,0.5199199729817222,0.5899053627760252,0.5299684542586751
legacy_full,109,315,0.5746031746031746,0.49231884284646216,0.45714285714285713,0.5206349206349207
legacy_full,136,314,0.5764331210191083,0.5427943744648204,0.7006369426751592,0.5445859872611465
legacy_full,140,315,0.580952380952381,0.506042039694193,0.5111111111111111,0.4857142857142857
legacy_full,119,312,0.5833333333333334,0.5535318597686584,0.7339743589743589,0.5801282051282052
legacy_full,120,316,0.5854430379746836,0.45441492027677916,0.26582278481012656,0.43354430379746833
legacy_full,145,317,0.6750788643533123,0.41768378111242993,0.14826498422712933,0.3028391167192429
legacy_full,115,316,0.680379746835443,0.4082192442218029,0.1550632911392405,0.3227848101265823
pregame_safe,139,315,0.4857142857142857,0.49071171644485034,0.46984126984126984,0.48253968253968255
pregame_safe,138,315,0.5111111111111111,0.4806728542352951,0.38095238095238093,0.49523809523809526
pregame_safe,140,315,0.5111111111111111,0.4971031042669745,0.5047619047619047,0.4857142857142857
pregame_safe,114,316,0.5158227848101266,0.4898090414246733,0.4462025316455696,0.5569620253164557
pregame_safe,134,315,0.5206349206349207,0.4860202410584851,0.4158730158730159,0.4507936507936508
pregame_safe,135,312,0.5224358974358975,0.5246289500365644,0.5993589743589743,0.5641025641025641
pregame_safe,141,315,0.5238095238095238,0.5014710682069481,0.5174603174603175,0.5238095238095238
pregame_safe,113,316,0.5253164556962026,0.4890603552425645,0.4272151898734177,0.49050632911392406
pregame_safe,116,317,0.5299684542586751,0.5247916759011063,0.6088328075709779,0.5299684542586751
pregame_safe,110,315,0.5333333333333333,0.5020127858479382,0.48253968253968255,0.5111111111111111
pregame_safe,112,313,0.5335463258785943,0.5307917058988223,0.6613418530351438,0.5399361022364217
pregame_safe,144,315,0.5365079365079365,0.5392044898391273,0.707936507936508,0.5111111111111111
pregame_safe,111,314,0.5382165605095541,0.507046714489166,0.5414012738853503,0.5191082802547771
pregame_safe,158,317,0.5394321766561514,0.5244816178401158,0.6246056782334385,0.5930599369085173
pregame_safe,142,316,0.5411392405063291,0.5140171876690484,0.5379746835443038,0.47151898734177217
pregame_safe,147,316,0.5411392405063291,0.5460235589709506,0.7278481012658228,0.5664556962025317
pregame_safe,133,314,0.5414012738853503,0.4651235339139458,0.3630573248407643,0.45222929936305734
pregame_safe,108,316,0.5443037974683544,0.46169858827637505,0.3259493670886076,0.41455696202531644
pregame_safe,120,316,0.5569620253164557,0.4625439667945484,0.31962025316455694,0.43354430379746833
pregame_safe,121,316,0.5569620253164557,0.5216923234051598,0.5632911392405063,0.5443037974683544
pregame_safe,137,316,0.5569620253164557,0.5048380526311709,0.4873417721518987,0.4936708860759494
pregame_safe,136,314,0.5605095541401274,0.5465810733157324,0.7038216560509554,0.5445859872611465
pregame_safe,119,312,0.5641025641025641,0.531805445856161,0.657051282051282,0.5801282051282052
pregame_safe,117,316,0.5727848101265823,0.520090794588255,0.5727848101265823,0.5506329113924051
pregame_safe,146,314,0.5732484076433121,0.448389753107553,0.2611464968152866,0.445859872611465
pregame_safe,118,317,0.5741324921135647,0.5086277476059653,0.5867507886435331,0.5205047318611987
pregame_safe,109,315,0.5873015873015873,0.4957813677162459,0.48253968253968255,0.5206349206349207
pregame_safe,143,317,0.6214511041009464,0.5456870801229144,0.7160883280757098,0.583596214511041
pregame_safe,115,316,0.6645569620253164,0.41546214479515625,0.13924050632911392,0.3227848101265823
pregame_safe,145,317,0.6656151419558359,0.42451861032963006,0.17034700315457413,0.3028391167192429
